{
    "overall": {
        "accuracy": 0.40071965979718677,
        "precision_macro": 0.2483963816709934,
        "recall_macro": 0.39869157949704764,
        "f1_macro": 0.26196100804344585,
        "precision_weighted": 0.5397501100971503,
        "recall_weighted": 0.40071965979718677,
        "f1_weighted": 0.4062981560834537
    },
    "by_class": {
        "no emotion": {
            "precision": 0.6741130091984231,
            "recall": 0.2786529060293319,
            "f1_score": 0.39431206764027676,
            "accuracy": 0.6741130091984231,
            "support": 1841.0
        },
        "surprise": {
            "precision": 0.075,
            "recall": 0.20454545454545456,
            "f1_score": 0.10975609756097561,
            "accuracy": 0.075,
            "support": 88.0
        },
        "fear": {
            "precision": 0.09090909090909091,
            "recall": 0.5384615384615384,
            "f1_score": 0.15555555555555556,
            "accuracy": 0.09090909090909091,
            "support": 13.0
        },
        "happiness": {
            "precision": 0.4053682037164487,
            "recall": 0.664785553047404,
            "f1_score": 0.5036340316374518,
            "accuracy": 0.4053682037164487,
            "support": 886.0
        },
        "sadness": {
            "precision": 0.16194331983805668,
            "recall": 0.47619047619047616,
            "f1_score": 0.24169184290030213,
            "accuracy": 0.16194331983805668,
            "support": 84.0
        },
        "anger": {
            "precision": 0.2314410480349345,
            "recall": 0.5,
            "f1_score": 0.31641791044776124,
            "accuracy": 0.2314410480349345,
            "support": 106.0
        },
        "disgust": {
            "precision": 0.1,
            "recall": 0.1282051282051282,
            "f1_score": 0.11235955056179775,
            "accuracy": 0.1,
            "support": 39.0
        }
    }
}