{
    "overall": {
        "accuracy": 0.4134772652927707,
        "precision_macro": 0.24213553002429847,
        "recall_macro": 0.36639290653623713,
        "f1_macro": 0.25417754277973714,
        "precision_weighted": 0.5429943364324469,
        "recall_weighted": 0.4134772652927707,
        "f1_weighted": 0.4328859145636112
    },
    "by_class": {
        "no emotion": {
            "precision": 0.6751662971175166,
            "recall": 0.33079847908745247,
            "f1_score": 0.4440393729493256,
            "accuracy": 0.6751662971175166,
            "support": 1841.0
        },
        "surprise": {
            "precision": 0.06521739130434782,
            "recall": 0.20454545454545456,
            "f1_score": 0.09890109890109891,
            "accuracy": 0.06521739130434782,
            "support": 88.0
        },
        "fear": {
            "precision": 0.06451612903225806,
            "recall": 0.46153846153846156,
            "f1_score": 0.11320754716981131,
            "accuracy": 0.06451612903225806,
            "support": 13.0
        },
        "happiness": {
            "precision": 0.4150799695354151,
            "recall": 0.6151241534988713,
            "f1_score": 0.49567985447930873,
            "accuracy": 0.4150799695354151,
            "support": 886.0
        },
        "sadness": {
            "precision": 0.13777777777777778,
            "recall": 0.36904761904761907,
            "f1_score": 0.20064724919093851,
            "accuracy": 0.13777777777777778,
            "support": 84.0
        },
        "anger": {
            "precision": 0.2670157068062827,
            "recall": 0.4811320754716981,
            "f1_score": 0.3434343434343434,
            "accuracy": 0.2670157068062827,
            "support": 106.0
        },
        "disgust": {
            "precision": 0.07017543859649122,
            "recall": 0.10256410256410256,
            "f1_score": 0.08333333333333333,
            "accuracy": 0.07017543859649122,
            "support": 39.0
        }
    }
}