{
    "overall": {
        "accuracy": 0.22740963855421686,
        "precision_macro": 0.18565336063950713,
        "recall_macro": 0.17475391753700703,
        "f1_macro": 0.15502874484958887,
        "precision_weighted": 0.20744223199902706,
        "recall_weighted": 0.22740963855421686,
        "f1_weighted": 0.19296939462333199
    },
    "by_class": {
        "mad": {
            "precision": 0.11855670103092783,
            "recall": 0.20353982300884957,
            "f1_score": 0.14983713355048858,
            "accuracy": 0.11855670103092783,
            "support": 113.0
        },
        "neutral": {
            "precision": 0.28885135135135137,
            "recall": 0.4899713467048711,
            "f1_score": 0.36344314558979807,
            "accuracy": 0.28885135135135137,
            "support": 349.0
        },
        "joyful": {
            "precision": 0.23270440251572327,
            "recall": 0.2624113475177305,
            "f1_score": 0.24666666666666667,
            "accuracy": 0.23270440251572327,
            "support": 282.0
        },
        "scared": {
            "precision": 0.13402061855670103,
            "recall": 0.07142857142857142,
            "f1_score": 0.09318996415770608,
            "accuracy": 0.13402061855670103,
            "support": 182.0
        },
        "sad": {
            "precision": 0.18604651162790697,
            "recall": 0.16326530612244897,
            "f1_score": 0.17391304347826086,
            "accuracy": 0.18604651162790697,
            "support": 98.0
        },
        "powerful": {
            "precision": 0.06666666666666667,
            "recall": 0.013793103448275862,
            "f1_score": 0.022857142857142857,
            "accuracy": 0.06666666666666667,
            "support": 145.0
        },
        "peaceful": {
            "precision": 0.2727272727272727,
            "recall": 0.018867924528301886,
            "f1_score": 0.03529411764705882,
            "accuracy": 0.2727272727272727,
            "support": 159.0
        }
    }
}