{
    "overall": {
        "accuracy": 0.2183734939759036,
        "precision_macro": 0.1822192761192515,
        "recall_macro": 0.170030309869988,
        "f1_macro": 0.1558247366446135,
        "precision_weighted": 0.21173950163298333,
        "recall_weighted": 0.2183734939759036,
        "f1_weighted": 0.19581105775399882
    },
    "by_class": {
        "mad": {
            "precision": 0.10080645161290322,
            "recall": 0.22123893805309736,
            "f1_score": 0.13850415512465372,
            "accuracy": 0.10080645161290322,
            "support": 113.0
        },
        "neutral": {
            "precision": 0.28900709219858156,
            "recall": 0.4670487106017192,
            "f1_score": 0.35706462212486306,
            "accuracy": 0.28900709219858156,
            "support": 349.0
        },
        "joyful": {
            "precision": 0.26495726495726496,
            "recall": 0.2198581560283688,
            "f1_score": 0.24031007751937983,
            "accuracy": 0.26495726495726496,
            "support": 282.0
        },
        "scared": {
            "precision": 0.16346153846153846,
            "recall": 0.09340659340659341,
            "f1_score": 0.1188811188811189,
            "accuracy": 0.16346153846153846,
            "support": 182.0
        },
        "sad": {
            "precision": 0.09433962264150944,
            "recall": 0.10204081632653061,
            "f1_score": 0.09803921568627452,
            "accuracy": 0.09433962264150944,
            "support": 98.0
        },
        "powerful": {
            "precision": 0.17777777777777778,
            "recall": 0.05517241379310345,
            "f1_score": 0.08421052631578947,
            "accuracy": 0.17777777777777778,
            "support": 145.0
        },
        "peaceful": {
            "precision": 0.18518518518518517,
            "recall": 0.031446540880503145,
            "f1_score": 0.053763440860215055,
            "accuracy": 0.18518518518518517,
            "support": 159.0
        }
    }
}