{
    "overall": {
        "accuracy": 0.6666666666666666,
        "precision_macro": 0.5833333333333333,
        "recall_macro": 0.5933333333333333,
        "f1_macro": 0.7768831168831168,
        "precision_weighted": 0.6388888888888888,
        "recall_weighted": 0.6666666666666666,
        "f1_weighted": 0.7738528138528138
    },
    "by_class": {
        "mad": {
            "precision": 0.5,
            "recall": 0.5,
            "f1_score": 0.5,
            "accuracy": 0.5,
            "support": 2.0
        },
        "neutral": {
            "precision": 0.6666666666666666,
            "recall": 0.8,
            "f1_score": 0.7272727272727272,
            "accuracy": 0.6666666666666666,
            "support": 5.0
        },
        "joyful": {
            "precision": 0.75,
            "recall": 1.0,
            "f1_score": 0.8571428571428571,
            "accuracy": 0.75,
            "support": 3.0
        },
        "scared": {
            "precision": 0.0,
            "recall": 0.0,
            "f1_score": 1.0,
            "accuracy": 0.0,
            "support": 2.0
        },
        "sad": {
            "precision": 1.0,
            "recall": 0.6666666666666666,
            "f1_score": 0.8,
            "accuracy": 1.0,
            "support": 3.0
        }
    }
}