{
    "overall": {
        "accuracy": 0.2507530120481928,
        "precision_macro": 0.20376387515093936,
        "recall_macro": 0.19004196337338294,
        "f1_macro": 0.16571532099264244,
        "precision_weighted": 0.2247314703669394,
        "recall_weighted": 0.2507530120481928,
        "f1_weighted": 0.20514218498927017
    },
    "by_class": {
        "mad": {
            "precision": 0.16568047337278108,
            "recall": 0.24778761061946902,
            "f1_score": 0.19858156028368795,
            "accuracy": 0.16568047337278108,
            "support": 113.0
        },
        "neutral": {
            "precision": 0.2832369942196532,
            "recall": 0.5616045845272206,
            "f1_score": 0.3765609990393853,
            "accuracy": 0.2832369942196532,
            "support": 349.0
        },
        "joyful": {
            "precision": 0.25862068965517243,
            "recall": 0.26595744680851063,
            "f1_score": 0.2622377622377623,
            "accuracy": 0.25862068965517243,
            "support": 282.0
        },
        "scared": {
            "precision": 0.23376623376623376,
            "recall": 0.0989010989010989,
            "f1_score": 0.138996138996139,
            "accuracy": 0.23376623376623376,
            "support": 182.0
        },
        "sad": {
            "precision": 0.1794871794871795,
            "recall": 0.14285714285714285,
            "f1_score": 0.15909090909090912,
            "accuracy": 0.1794871794871795,
            "support": 98.0
        },
        "powerful": {
            "precision": 0.05555555555555555,
            "recall": 0.006896551724137931,
            "f1_score": 0.012269938650306747,
            "accuracy": 0.05555555555555555,
            "support": 145.0
        },
        "peaceful": {
            "precision": 0.25,
            "recall": 0.006289308176100629,
            "f1_score": 0.012269938650306749,
            "accuracy": 0.25,
            "support": 159.0
        }
    }
}