{
    "overall": {
        "accuracy": 0.2394578313253012,
        "precision_macro": 0.16471311387654317,
        "recall_macro": 0.18247936338286425,
        "f1_macro": 0.2980632002581579,
        "precision_weighted": 0.1914576000898721,
        "recall_weighted": 0.2394578313253012,
        "f1_weighted": 0.3144135622031812
    },
    "by_class": {
        "mad": {
            "precision": 0.1457286432160804,
            "recall": 0.25663716814159293,
            "f1_score": 0.18589743589743588,
            "accuracy": 0.1457286432160804,
            "support": 113.0
        },
        "neutral": {
            "precision": 0.2852852852852853,
            "recall": 0.5444126074498568,
            "f1_score": 0.37438423645320196,
            "accuracy": 0.2852852852852853,
            "support": 349.0
        },
        "joyful": {
            "precision": 0.24390243902439024,
            "recall": 0.24822695035460993,
            "f1_score": 0.24604569420035147,
            "accuracy": 0.24390243902439024,
            "support": 282.0
        },
        "scared": {
            "precision": 0.203125,
            "recall": 0.07142857142857142,
            "f1_score": 0.10569105691056911,
            "accuracy": 0.203125,
            "support": 182.0
        },
        "sad": {
            "precision": 0.15730337078651685,
            "recall": 0.14285714285714285,
            "f1_score": 0.14973262032085563,
            "accuracy": 0.15730337078651685,
            "support": 98.0
        },
        "powerful": {
            "precision": 0.11764705882352941,
            "recall": 0.013793103448275862,
            "f1_score": 0.024691358024691357,
            "accuracy": 0.11764705882352941,
            "support": 145.0
        },
        "peaceful": {
            "precision": 0.0,
            "recall": 0.0,
            "f1_score": 1.0,
            "accuracy": 0.0,
            "support": 159.0
        }
    }
}