{
    "overall": {
        "accuracy": 0.32720306513409964,
        "precision_macro": 0.21886997518047807,
        "recall_macro": 0.22285073263349883,
        "f1_macro": 0.21285737074590266,
        "precision_weighted": 0.37812080149892263,
        "recall_weighted": 0.32720306513409964,
        "f1_weighted": 0.34441924214013875
    },
    "by_class": {
        "surprise": {
            "precision": 0.15546218487394958,
            "recall": 0.26334519572953735,
            "f1_score": 0.1955085865257596,
            "accuracy": 0.15546218487394958,
            "support": 281.0
        },
        "anger": {
            "precision": 0.2742616033755274,
            "recall": 0.18840579710144928,
            "f1_score": 0.22336769759450173,
            "accuracy": 0.2742616033755274,
            "support": 345.0
        },
        "neutral": {
            "precision": 0.5556711758584808,
            "recall": 0.4251592356687898,
            "f1_score": 0.48173207036535864,
            "accuracy": 0.5556711758584808,
            "support": 1256.0
        },
        "joy": {
            "precision": 0.26127819548872183,
            "recall": 0.34577114427860695,
            "f1_score": 0.29764453961456105,
            "accuracy": 0.26127819548872183,
            "support": 402.0
        },
        "sadness": {
            "precision": 0.19375,
            "recall": 0.14903846153846154,
            "f1_score": 0.16847826086956522,
            "accuracy": 0.19375,
            "support": 208.0
        },
        "fear": {
            "precision": 0.05,
            "recall": 0.1,
            "f1_score": 0.06666666666666667,
            "accuracy": 0.05,
            "support": 50.0
        },
        "disgust": {
            "precision": 0.041666666666666664,
            "recall": 0.08823529411764706,
            "f1_score": 0.056603773584905655,
            "accuracy": 0.041666666666666664,
            "support": 68.0
        }
    }
}