{
    "overall": {
        "accuracy": 0.31226053639846746,
        "precision_macro": 0.21740575661798384,
        "recall_macro": 0.22615917589508747,
        "f1_macro": 0.2121807704020631,
        "precision_weighted": 0.3759440871222018,
        "recall_weighted": 0.31226053639846746,
        "f1_weighted": 0.33270189756964996
    },
    "by_class": {
        "surprise": {
            "precision": 0.15700934579439252,
            "recall": 0.298932384341637,
            "f1_score": 0.20588235294117646,
            "accuracy": 0.15700934579439252,
            "support": 281.0
        },
        "anger": {
            "precision": 0.26666666666666666,
            "recall": 0.19710144927536233,
            "f1_score": 0.22666666666666668,
            "accuracy": 0.26666666666666666,
            "support": 345.0
        },
        "neutral": {
            "precision": 0.5504587155963303,
            "recall": 0.3821656050955414,
            "f1_score": 0.4511278195488722,
            "accuracy": 0.5504587155963303,
            "support": 1256.0
        },
        "joy": {
            "precision": 0.272,
            "recall": 0.3383084577114428,
            "f1_score": 0.30155210643015523,
            "accuracy": 0.272,
            "support": 402.0
        },
        "sadness": {
            "precision": 0.18947368421052632,
            "recall": 0.17307692307692307,
            "f1_score": 0.18090452261306533,
            "accuracy": 0.18947368421052632,
            "support": 208.0
        },
        "fear": {
            "precision": 0.05,
            "recall": 0.12,
            "f1_score": 0.07058823529411766,
            "accuracy": 0.05,
            "support": 50.0
        },
        "disgust": {
            "precision": 0.036231884057971016,
            "recall": 0.07352941176470588,
            "f1_score": 0.04854368932038834,
            "accuracy": 0.036231884057971016,
            "support": 68.0
        }
    }
}