{
    "overall": {
        "accuracy": 0.3363984674329502,
        "precision_macro": 0.22223517267034354,
        "recall_macro": 0.23436695623956863,
        "f1_macro": 0.22055526164785283,
        "precision_weighted": 0.3758661501461378,
        "recall_weighted": 0.3363984674329502,
        "f1_weighted": 0.34939783484505826
    },
    "by_class": {
        "surprise": {
            "precision": 0.17326732673267325,
            "recall": 0.2491103202846975,
            "f1_score": 0.2043795620437956,
            "accuracy": 0.17326732673267325,
            "support": 281.0
        },
        "anger": {
            "precision": 0.2804878048780488,
            "recall": 0.2,
            "f1_score": 0.233502538071066,
            "accuracy": 0.2804878048780488,
            "support": 345.0
        },
        "neutral": {
            "precision": 0.5464535464535465,
            "recall": 0.4355095541401274,
            "f1_score": 0.4847142224191405,
            "accuracy": 0.5464535464535465,
            "support": 1256.0
        },
        "joy": {
            "precision": 0.2704626334519573,
            "recall": 0.3781094527363184,
            "f1_score": 0.3153526970954357,
            "accuracy": 0.2704626334519573,
            "support": 402.0
        },
        "sadness": {
            "precision": 0.1592356687898089,
            "recall": 0.1201923076923077,
            "f1_score": 0.13698630136986303,
            "accuracy": 0.1592356687898089,
            "support": 208.0
        },
        "fear": {
            "precision": 0.0660377358490566,
            "recall": 0.14,
            "f1_score": 0.08974358974358974,
            "accuracy": 0.0660377358490566,
            "support": 50.0
        },
        "disgust": {
            "precision": 0.05970149253731343,
            "recall": 0.11764705882352941,
            "f1_score": 0.07920792079207921,
            "accuracy": 0.05970149253731343,
            "support": 68.0
        }
    }
}