{
    "overall": {
        "accuracy": 0.45894667975139025,
        "f1_macro": 0.3856250766254586
    },
    "by_class": {
        "no emotion": {
            "accuracy": 0.8394698085419735,
            "f1_score": 0.4523809523809524
        },
        "surprise": {
            "accuracy": 0.18584070796460178,
            "f1_score": 0.267515923566879
        },
        "sadness": {
            "accuracy": 0.24390243902439024,
            "f1_score": 0.34602076124567477
        },
        "fear": {
            "accuracy": 0.19148936170212766,
            "f1_score": 0.30000000000000004
        },
        "happiness": {
            "accuracy": 0.5341098169717138,
            "f1_score": 0.614942528735632
        },
        "disgust": {
            "accuracy": 0.28205128205128205,
            "f1_score": 0.28205128205128205
        },
        "anger": {
            "accuracy": 0.30859375,
            "f1_score": 0.43646408839779005
        }
    }
}