{
    "overall": {
        "accuracy": 0.5646058227019954,
        "f1_macro": 0.43245293091887843
    },
    "by_class": {
        "no emotion": {
            "accuracy": 0.8024582967515365,
            "f1_score": 0.6134228187919463
        },
        "surprise": {
            "accuracy": 0.20675105485232068,
            "f1_score": 0.30153846153846153
        },
        "sadness": {
            "accuracy": 0.2789473684210526,
            "f1_score": 0.3868613138686131
        },
        "fear": {
            "accuracy": 0.2682926829268293,
            "f1_score": 0.4074074074074075
        },
        "happiness": {
            "accuracy": 0.5695611577964519,
            "f1_score": 0.6234031681144608
        },
        "disgust": {
            "accuracy": 0.23076923076923078,
            "f1_score": 0.23076923076923078
        },
        "anger": {
            "accuracy": 0.33472803347280333,
            "f1_score": 0.463768115942029
        }
    }
}