{
    "overall": {
        "accuracy": 0.5233889434085705,
        "f1_macro": 0.402533563420849
    },
    "by_class": {
        "no emotion": {
            "accuracy": 0.8281081081081081,
            "f1_score": 0.5538684020245842
        },
        "surprise": {
            "accuracy": 0.22641509433962265,
            "f1_score": 0.32
        },
        "sadness": {
            "accuracy": 0.27225130890052357,
            "f1_score": 0.3781818181818182
        },
        "fear": {
            "accuracy": 0.19148936170212766,
            "f1_score": 0.30000000000000004
        },
        "happiness": {
            "accuracy": 0.5360738255033557,
            "f1_score": 0.615014436958614
        },
        "disgust": {
            "accuracy": 0.20454545454545456,
            "f1_score": 0.2168674698795181
        },
        "anger": {
            "accuracy": 0.3092369477911647,
            "f1_score": 0.43380281690140843
        }
    }
}