{
    "overall": {
        "accuracy": 0.33433734939759036,
        "f1_macro": 0.25909775155765663
    },
    "by_class": {
        "neutral": {
            "accuracy": 0.468944099378882,
            "f1_score": 0.4500745156482861
        },
        "joyful": {
            "accuracy": 0.48881789137380194,
            "f1_score": 0.5142857142857143
        },
        "sad": {
            "accuracy": 0.2328767123287671,
            "f1_score": 0.2786885245901639
        },
        "mad": {
            "accuracy": 0.17471264367816092,
            "f1_score": 0.2773722627737227
        },
        "scared": {
            "accuracy": 0.43243243243243246,
            "f1_score": 0.1461187214611872
        },
        "powerful": {
            "accuracy": 0.25,
            "f1_score": 0.0606060606060606
        },
        "peaceful": {
            "accuracy": 0.1836734693877551,
            "f1_score": 0.08653846153846154
        }
    }
}