{
    "overall": {
        "accuracy": 0.32153614457831325,
        "f1_macro": 0.25558809192479115
    },
    "by_class": {
        "neutral": {
            "accuracy": 0.4899598393574297,
            "f1_score": 0.4080267558528428
        },
        "joyful": {
            "accuracy": 0.44744744744744747,
            "f1_score": 0.4845528455284553
        },
        "sad": {
            "accuracy": 0.22289156626506024,
            "f1_score": 0.28030303030303033
        },
        "mad": {
            "accuracy": 0.17827868852459017,
            "f1_score": 0.2895174708818636
        },
        "scared": {
            "accuracy": 0.5161290322580645,
            "f1_score": 0.15023474178403756
        },
        "powerful": {
            "accuracy": 0.42857142857142855,
            "f1_score": 0.07547169811320753
        },
        "peaceful": {
            "accuracy": 0.2564102564102564,
            "f1_score": 0.10101010101010102
        }
    }
}