{
    "overall": {
        "accuracy": 0.3192771084337349,
        "f1_macro": 0.24649508023521952
    },
    "by_class": {
        "neutral": {
            "accuracy": 0.4574780058651026,
            "f1_score": 0.45217391304347826
        },
        "joyful": {
            "accuracy": 0.4856115107913669,
            "f1_score": 0.48214285714285715
        },
        "sad": {
            "accuracy": 0.23026315789473684,
            "f1_score": 0.28
        },
        "mad": {
            "accuracy": 0.19437340153452684,
            "f1_score": 0.30158730158730157
        },
        "scared": {
            "accuracy": 0.43243243243243246,
            "f1_score": 0.1461187214611872
        },
        "powerful": {
            "accuracy": 0.0625,
            "f1_score": 0.012422360248447204
        },
        "peaceful": {
            "accuracy": 0.13513513513513514,
            "f1_score": 0.051020408163265314
        }
    }
}