{
    "overall": {
        "accuracy": 0.5314176245210728,
        "f1_macro": 0.4355037322635205
    },
    "by_class": {
        "anger": {
            "accuracy": 0.4952076677316294,
            "f1_score": 0.47112462006079026
        },
        "disgust": {
            "accuracy": 0.2524271844660194,
            "f1_score": 0.30409356725146197
        },
        "fear": {
            "accuracy": 0.2926829268292683,
            "f1_score": 0.2637362637362637
        },
        "joy": {
            "accuracy": 0.4440677966101695,
            "f1_score": 0.528225806451613
        },
        "neutral": {
            "accuracy": 0.7863636363636364,
            "f1_score": 0.647940074906367
        },
        "sadness": {
            "accuracy": 0.43783783783783786,
            "f1_score": 0.4122137404580153
        },
        "surprise": {
            "accuracy": 0.33544303797468356,
            "f1_score": 0.42119205298013246
        }
    }
}