{
    "overall": {
        "accuracy": 0.4739463601532567,
        "f1_macro": 0.4029980616439948
    },
    "by_class": {
        "anger": {
            "accuracy": 0.42337662337662335,
            "f1_score": 0.4465753424657534
        },
        "disgust": {
            "accuracy": 0.18110236220472442,
            "f1_score": 0.23589743589743592
        },
        "fear": {
            "accuracy": 0.19298245614035087,
            "f1_score": 0.205607476635514
        },
        "joy": {
            "accuracy": 0.480225988700565,
            "f1_score": 0.5466237942122187
        },
        "neutral": {
            "accuracy": 0.8186046511627907,
            "f1_score": 0.555497106785902
        },
        "sadness": {
            "accuracy": 0.4326923076923077,
            "f1_score": 0.4326923076923077
        },
        "surprise": {
            "accuracy": 0.2992831541218638,
            "f1_score": 0.39809296781883197
        }
    }
}