{
    "overall": {
        "accuracy": 0.5134099616858238,
        "f1_macro": 0.4115317937271942
    },
    "by_class": {
        "anger": {
            "accuracy": 0.4383954154727794,
            "f1_score": 0.4409221902017291
        },
        "disgust": {
            "accuracy": 0.24561403508771928,
            "f1_score": 0.3076923076923077
        },
        "fear": {
            "accuracy": 0.16666666666666666,
            "f1_score": 0.15217391304347827
        },
        "joy": {
            "accuracy": 0.45531197301854975,
            "f1_score": 0.5427135678391961
        },
        "neutral": {
            "accuracy": 0.7898640296662547,
            "f1_score": 0.6188861985472155
        },
        "sadness": {
            "accuracy": 0.4021164021164021,
            "f1_score": 0.38287153652392947
        },
        "surprise": {
            "accuracy": 0.3436213991769547,
            "f1_score": 0.4354628422425032
        }
    }
}