{
    "overall": {
        "accuracy": 0.39319594373568856,
        "precision_macro": 0.23198252842696915,
        "recall_macro": 0.3283402246397661,
        "f1_macro": 0.24082596601636191,
        "precision_weighted": 0.5272087691622918,
        "recall_weighted": 0.39319594373568856,
        "f1_weighted": 0.4119435020255649
    },
    "by_class": {
        "no emotion": {
            "precision": 0.6647398843930635,
            "recall": 0.31233025529603475,
            "f1_score": 0.4249815225424981,
            "accuracy": 0.6647398843930635,
            "support": 1841.0
        },
        "surprise": {
            "precision": 0.07981220657276995,
            "recall": 0.19318181818181818,
            "f1_score": 0.11295681063122924,
            "accuracy": 0.07981220657276995,
            "support": 88.0
        },
        "sadness": {
            "precision": 0.11392405063291139,
            "recall": 0.32142857142857145,
            "f1_score": 0.16822429906542058,
            "accuracy": 0.11392405063291139,
            "support": 84.0
        },
        "fear": {
            "precision": 0.0375,
            "recall": 0.23076923076923078,
            "f1_score": 0.06451612903225808,
            "accuracy": 0.0375,
            "support": 13.0
        },
        "happiness": {
            "precision": 0.3872152828802351,
            "recall": 0.5948081264108352,
            "f1_score": 0.4690698709390298,
            "accuracy": 0.3872152828802351,
            "support": 886.0
        },
        "disgust": {
            "precision": 0.125,
            "recall": 0.23076923076923078,
            "f1_score": 0.16216216216216217,
            "accuracy": 0.125,
            "support": 39.0
        },
        "anger": {
            "precision": 0.21568627450980393,
            "recall": 0.41509433962264153,
            "f1_score": 0.2838709677419355,
            "accuracy": 0.21568627450980393,
            "support": 106.0
        }
    }
}