{
    "overall": {
        "accuracy": 0.3408570493948315,
        "precision_macro": 0.24103378661867061,
        "recall_macro": 0.385893463231808,
        "f1_macro": 0.23997045727066005,
        "precision_weighted": 0.5441212649237016,
        "recall_weighted": 0.3408570493948315,
        "f1_weighted": 0.3566173211774665
    },
    "by_class": {
        "no emotion": {
            "precision": 0.6834782608695652,
            "recall": 0.21347093970668116,
            "f1_score": 0.32533112582781454,
            "accuracy": 0.6834782608695652,
            "support": 1841.0
        },
        "surprise": {
            "precision": 0.05394990366088632,
            "recall": 0.3181818181818182,
            "f1_score": 0.09225700164744646,
            "accuracy": 0.05394990366088632,
            "support": 88.0
        },
        "sadness": {
            "precision": 0.13733905579399142,
            "recall": 0.38095238095238093,
            "f1_score": 0.20189274447949526,
            "accuracy": 0.13733905579399142,
            "support": 84.0
        },
        "fear": {
            "precision": 0.06382978723404255,
            "recall": 0.46153846153846156,
            "f1_score": 0.11214953271028037,
            "accuracy": 0.06382978723404255,
            "support": 13.0
        },
        "happiness": {
            "precision": 0.40372670807453415,
            "recall": 0.5869074492099323,
            "f1_score": 0.47838086476540936,
            "accuracy": 0.40372670807453415,
            "support": 886.0
        },
        "disgust": {
            "precision": 0.09375,
            "recall": 0.23076923076923078,
            "f1_score": 0.13333333333333333,
            "accuracy": 0.09375,
            "support": 39.0
        },
        "anger": {
            "precision": 0.25116279069767444,
            "recall": 0.5094339622641509,
            "f1_score": 0.3364485981308411,
            "accuracy": 0.25116279069767444,
            "support": 106.0
        }
    }
}