{
    "overall": {
        "accuracy": 0.33169774288518156,
        "precision_macro": 0.24649487102355722,
        "recall_macro": 0.4043553811059018,
        "f1_macro": 0.23966825809697773,
        "precision_weighted": 0.5579642378607303,
        "recall_weighted": 0.33169774288518156,
        "f1_weighted": 0.3343190540413426
    },
    "by_class": {
        "no emotion": {
            "precision": 0.7026431718061674,
            "recall": 0.1732753938077132,
            "f1_score": 0.27799564270152505,
            "accuracy": 0.7026431718061674,
            "support": 1841.0
        },
        "surprise": {
            "precision": 0.04693140794223827,
            "recall": 0.29545454545454547,
            "f1_score": 0.0809968847352025,
            "accuracy": 0.04693140794223827,
            "support": 88.0
        },
        "sadness": {
            "precision": 0.1450980392156863,
            "recall": 0.44047619047619047,
            "f1_score": 0.21828908554572274,
            "accuracy": 0.1450980392156863,
            "support": 84.0
        },
        "fear": {
            "precision": 0.07368421052631578,
            "recall": 0.5384615384615384,
            "f1_score": 0.12962962962962962,
            "accuracy": 0.07368421052631578,
            "support": 13.0
        },
        "happiness": {
            "precision": 0.41098901098901097,
            "recall": 0.6331828442437923,
            "f1_score": 0.4984451354953355,
            "accuracy": 0.41098901098901097,
            "support": 886.0
        },
        "disgust": {
            "precision": 0.0891089108910891,
            "recall": 0.23076923076923078,
            "f1_score": 0.12857142857142856,
            "accuracy": 0.0891089108910891,
            "support": 39.0
        },
        "anger": {
            "precision": 0.2570093457943925,
            "recall": 0.5188679245283019,
            "f1_score": 0.34374999999999994,
            "accuracy": 0.2570093457943925,
            "support": 106.0
        }
    }
}