{
    "overall": {
        "accuracy": 0.2055722891566265,
        "precision_macro": 0.16168808455474987,
        "recall_macro": 0.16194864933580438,
        "f1_macro": 0.14755596100133914,
        "precision_weighted": 0.1937509189490294,
        "recall_weighted": 0.2055722891566265,
        "f1_weighted": 0.1877359752093983
    },
    "by_class": {
        "neutral": {
            "precision": 0.2826603325415677,
            "recall": 0.34097421203438394,
            "f1_score": 0.3090909090909091,
            "support": 349.0
        },
        "joyful": {
            "precision": 0.25815217391304346,
            "recall": 0.33687943262411346,
            "f1_score": 0.2923076923076923,
            "support": 282.0
        },
        "sad": {
            "precision": 0.07142857142857142,
            "recall": 0.08163265306122448,
            "f1_score": 0.07619047619047617,
            "support": 98.0
        },
        "mad": {
            "precision": 0.10084033613445378,
            "recall": 0.21238938053097345,
            "f1_score": 0.13675213675213677,
            "support": 113.0
        },
        "scared": {
            "precision": 0.14782608695652175,
            "recall": 0.09340659340659341,
            "f1_score": 0.11447811447811447,
            "support": 182.0
        },
        "powerful": {
            "precision": 0.18,
            "recall": 0.06206896551724138,
            "f1_score": 0.0923076923076923,
            "support": 145.0
        },
        "peaceful": {
            "precision": 0.09090909090909091,
            "recall": 0.006289308176100629,
            "f1_score": 0.011764705882352943,
            "support": 159.0
        }
    }
}