{
    "overall": {
        "accuracy": 0.20933734939759036,
        "precision_macro": 0.195437925452221,
        "recall_macro": 0.18167643400281208,
        "f1_macro": 0.16407532509648276,
        "precision_weighted": 0.2202795583439711,
        "recall_weighted": 0.20933734939759036,
        "f1_weighted": 0.1953626266791606
    },
    "by_class": {
        "neutral": {
            "precision": 0.28994082840236685,
            "recall": 0.2808022922636103,
            "f1_score": 0.28529839883551666,
            "support": 349.0
        },
        "joyful": {
            "precision": 0.26344086021505375,
            "recall": 0.3475177304964539,
            "f1_score": 0.2996941896024465,
            "support": 282.0
        },
        "sad": {
            "precision": 0.14285714285714285,
            "recall": 0.1836734693877551,
            "f1_score": 0.1607142857142857,
            "support": 98.0
        },
        "mad": {
            "precision": 0.1070110701107011,
            "recall": 0.25663716814159293,
            "f1_score": 0.15104166666666666,
            "support": 113.0
        },
        "scared": {
            "precision": 0.15757575757575756,
            "recall": 0.14285714285714285,
            "f1_score": 0.14985590778097985,
            "support": 182.0
        },
        "powerful": {
            "precision": 0.17647058823529413,
            "recall": 0.041379310344827586,
            "f1_score": 0.0670391061452514,
            "support": 145.0
        },
        "peaceful": {
            "precision": 0.23076923076923078,
            "recall": 0.018867924528301886,
            "f1_score": 0.03488372093023256,
            "support": 159.0
        }
    }
}