{
    "overall": {
        "accuracy": 0.1875,
        "precision_macro": 0.2010748445629146,
        "recall_macro": 0.16629401673172756,
        "f1_macro": 0.1462941360710684,
        "precision_weighted": 0.21923721129259993,
        "recall_weighted": 0.1875,
        "f1_weighted": 0.17339168303304822
    },
    "by_class": {
        "neutral": {
            "precision": 0.2669039145907473,
            "recall": 0.2148997134670487,
            "f1_score": 0.23809523809523808,
            "support": 349.0
        },
        "joyful": {
            "precision": 0.2426470588235294,
            "recall": 0.35106382978723405,
            "f1_score": 0.28695652173913044,
            "support": 282.0
        },
        "sad": {
            "precision": 0.11188811188811189,
            "recall": 0.16326530612244897,
            "f1_score": 0.13278008298755187,
            "support": 98.0
        },
        "mad": {
            "precision": 0.1016949152542373,
            "recall": 0.26548672566371684,
            "f1_score": 0.14705882352941177,
            "support": 113.0
        },
        "scared": {
            "precision": 0.12883435582822086,
            "recall": 0.11538461538461539,
            "f1_score": 0.12173913043478261,
            "support": 182.0
        },
        "powerful": {
            "precision": 0.3333333333333333,
            "recall": 0.041379310344827586,
            "f1_score": 0.07361963190184048,
            "support": 145.0
        },
        "peaceful": {
            "precision": 0.2222222222222222,
            "recall": 0.012578616352201259,
            "f1_score": 0.023809523809523808,
            "support": 159.0
        }
    }
}