{
    "overall": {
        "accuracy": 0.2532567049808429,
        "precision_macro": 0.20358042708516605,
        "recall_macro": 0.20506585478397504,
        "f1_macro": 0.18475060679794167,
        "precision_weighted": 0.3667299056050931,
        "recall_weighted": 0.2532567049808429,
        "f1_weighted": 0.2740029275117114
    },
    "by_class": {
        "anger": {
            "precision": 0.25,
            "recall": 0.16569767441860464,
            "f1_score": 0.1993006993006993,
            "accuracy": 0.16569767441860464,
            "support": 345.0
        },
        "disgust": {
            "precision": 0.03636363636363636,
            "recall": 0.05970149253731343,
            "f1_score": 0.04519774011299435,
            "accuracy": 0.05970149253731343,
            "support": 68.0
        },
        "fear": {
            "precision": 0.04918032786885246,
            "recall": 0.061224489795918366,
            "f1_score": 0.05454545454545454,
            "accuracy": 0.061224489795918366,
            "support": 50.0
        },
        "joy": {
            "precision": 0.25092936802973975,
            "recall": 0.3375,
            "f1_score": 0.2878464818763326,
            "accuracy": 0.3375,
            "support": 402.0
        },
        "neutral": {
            "precision": 0.5549738219895288,
            "recall": 0.2539936102236422,
            "f1_score": 0.34849315068493153,
            "accuracy": 0.2539936102236422,
            "support": 1256.0
        },
        "sadness": {
            "precision": 0.1593625498007968,
            "recall": 0.1932367149758454,
            "f1_score": 0.17467248908296945,
            "accuracy": 0.1932367149758454,
            "support": 208.0
        },
        "surprise": {
            "precision": 0.12425328554360812,
            "recall": 0.3727598566308244,
            "f1_score": 0.1863799283154122,
            "accuracy": 0.3727598566308244,
            "support": 281.0
        }
    }
}