{
    "overall": {
        "accuracy": 0.24980842911877393,
        "precision_macro": 0.21911364046908635,
        "recall_macro": 0.22358889570962304,
        "f1_macro": 0.19629388713424858,
        "precision_weighted": 0.3801255546250714,
        "recall_weighted": 0.24980842911877393,
        "f1_weighted": 0.26556293366431505
    },
    "by_class": {
        "anger": {
            "precision": 0.29098360655737704,
            "recall": 0.2063953488372093,
            "f1_score": 0.2414965986394558,
            "accuracy": 0.2063953488372093,
            "support": 345.0
        },
        "disgust": {
            "precision": 0.05434782608695652,
            "recall": 0.07462686567164178,
            "f1_score": 0.06289308176100629,
            "accuracy": 0.07462686567164178,
            "support": 68.0
        },
        "fear": {
            "precision": 0.05454545454545454,
            "recall": 0.061224489795918366,
            "f1_score": 0.05769230769230769,
            "accuracy": 0.061224489795918366,
            "support": 50.0
        },
        "joy": {
            "precision": 0.2585278276481149,
            "recall": 0.35910224438902744,
            "f1_score": 0.30062630480167013,
            "accuracy": 0.35910224438902744,
            "support": 402.0
        },
        "neutral": {
            "precision": 0.563169164882227,
            "recall": 0.20989624900239426,
            "f1_score": 0.3058139534883721,
            "accuracy": 0.20989624900239426,
            "support": 1256.0
        },
        "sadness": {
            "precision": 0.1875,
            "recall": 0.2608695652173913,
            "f1_score": 0.21818181818181817,
            "accuracy": 0.2608695652173913,
            "support": 208.0
        },
        "surprise": {
            "precision": 0.12472160356347439,
            "recall": 0.4,
            "f1_score": 0.1901528013582343,
            "accuracy": 0.4,
            "support": 281.0
        }
    }
}