{
    "overall": {
        "accuracy": 0.25593869731800767,
        "precision_macro": 0.21960264700059764,
        "recall_macro": 0.22319911918393384,
        "f1_macro": 0.19560395316650311,
        "precision_weighted": 0.3931902659419014,
        "recall_weighted": 0.25593869731800767,
        "f1_weighted": 0.2723580687564425
    },
    "by_class": {
        "anger": {
            "precision": 0.30677290836653387,
            "recall": 0.22318840579710145,
            "f1_score": 0.2583892617449664,
            "support": 345.0
        },
        "disgust": {
            "precision": 0.05555555555555555,
            "recall": 0.07352941176470588,
            "f1_score": 0.06329113924050633,
            "support": 68.0
        },
        "fear": {
            "precision": 0.02,
            "recall": 0.02,
            "f1_score": 0.02,
            "support": 50.0
        },
        "joy": {
            "precision": 0.2607944732297064,
            "recall": 0.3756218905472637,
            "f1_score": 0.30784913353720694,
            "support": 402.0
        },
        "neutral": {
            "precision": 0.5873362445414847,
            "recall": 0.214171974522293,
            "f1_score": 0.3138856476079347,
            "support": 1256.0
        },
        "sadness": {
            "precision": 0.17973856209150327,
            "recall": 0.2644230769230769,
            "f1_score": 0.2140077821011673,
            "support": 208.0
        },
        "surprise": {
            "precision": 0.12702078521939955,
            "recall": 0.3914590747330961,
            "f1_score": 0.1918047079337402,
            "support": 281.0
        }
    }
}