{
    "overall": {
        "accuracy": 0.28314176245210726,
        "precision_macro": 0.2017658842742614,
        "recall_macro": 0.20584268829248795,
        "f1_macro": 0.1897699150808662,
        "precision_weighted": 0.3665878430005596,
        "recall_weighted": 0.28314176245210726,
        "f1_weighted": 0.30091837802840116
    },
    "by_class": {
        "anger": {
            "precision": 0.23333333333333334,
            "recall": 0.14285714285714285,
            "f1_score": 0.17721518987341772,
            "accuracy": 0.14285714285714285,
            "support": 345.0
        },
        "disgust": {
            "precision": 0.021739130434782608,
            "recall": 0.029411764705882353,
            "f1_score": 0.024999999999999998,
            "accuracy": 0.029411764705882353,
            "support": 68.0
        },
        "fear": {
            "precision": 0.037037037037037035,
            "recall": 0.04081632653061224,
            "f1_score": 0.03883495145631068,
            "accuracy": 0.04081632653061224,
            "support": 50.0
        },
        "joy": {
            "precision": 0.2468944099378882,
            "recall": 0.39650872817955113,
            "f1_score": 0.30430622009569375,
            "accuracy": 0.39650872817955113,
            "support": 402.0
        },
        "neutral": {
            "precision": 0.5553997194950911,
            "recall": 0.31756214915797915,
            "f1_score": 0.40408163265306124,
            "accuracy": 0.31756214915797915,
            "support": 1256.0
        },
        "sadness": {
            "precision": 0.1810344827586207,
            "recall": 0.2028985507246377,
            "f1_score": 0.19134396355353078,
            "accuracy": 0.2028985507246377,
            "support": 208.0
        },
        "surprise": {
            "precision": 0.13692307692307693,
            "recall": 0.31785714285714284,
            "f1_score": 0.1913978494623656,
            "accuracy": 0.31785714285714284,
            "support": 281.0
        }
    }
}