{
    "overall": {
        "accuracy": 0.4864245992803402,
        "precision_macro": 0.26256828280363836,
        "recall_macro": 0.35826976993292553,
        "f1_macro": 0.28038762168333536,
        "precision_weighted": 0.5426354527091151,
        "recall_weighted": 0.4864245992803402,
        "f1_weighted": 0.5090240068816781
    },
    "by_class": {
        "no emotion": {
            "precision": 0.6593625498007968,
            "recall": 0.5393807713199348,
            "f1_score": 0.5933671945025395,
            "accuracy": 0.6593625498007968,
            "support": 1841.0
        },
        "anger": {
            "precision": 0.29457364341085274,
            "recall": 0.3584905660377358,
            "f1_score": 0.3234042553191489,
            "accuracy": 0.29457364341085274,
            "support": 106.0
        },
        "disgust": {
            "precision": 0.12121212121212122,
            "recall": 0.20512820512820512,
            "f1_score": 0.1523809523809524,
            "accuracy": 0.12121212121212122,
            "support": 39.0
        },
        "fear": {
            "precision": 0.057692307692307696,
            "recall": 0.46153846153846156,
            "f1_score": 0.10256410256410257,
            "accuracy": 0.057692307692307696,
            "support": 13.0
        },
        "happiness": {
            "precision": 0.43478260869565216,
            "recall": 0.45146726862302483,
            "f1_score": 0.4429678848283499,
            "accuracy": 0.43478260869565216,
            "support": 886.0
        },
        "sadness": {
            "precision": 0.19014084507042253,
            "recall": 0.32142857142857145,
            "f1_score": 0.23893805309734512,
            "accuracy": 0.19014084507042253,
            "support": 84.0
        },
        "surprise": {
            "precision": 0.08021390374331551,
            "recall": 0.17045454545454544,
            "f1_score": 0.10909090909090909,
            "accuracy": 0.08021390374331551,
            "support": 88.0
        }
    }
}