{
    "overall": {
        "accuracy": 0.4985279685966634,
        "precision_macro": 0.27123042035198186,
        "recall_macro": 0.3677636756851031,
        "f1_macro": 0.2904856599754916,
        "precision_weighted": 0.550613836445876,
        "recall_weighted": 0.4985279685966634,
        "f1_weighted": 0.5196715592482267
    },
    "by_class": {
        "no emotion": {
            "precision": 0.6627527723418134,
            "recall": 0.5518739815317762,
            "f1_score": 0.6022525192649674,
            "accuracy": 0.6627527723418134,
            "support": 1841.0
        },
        "anger": {
            "precision": 0.29850746268656714,
            "recall": 0.37735849056603776,
            "f1_score": 0.3333333333333333,
            "accuracy": 0.29850746268656714,
            "support": 106.0
        },
        "disgust": {
            "precision": 0.13793103448275862,
            "recall": 0.20512820512820512,
            "f1_score": 0.16494845360824742,
            "accuracy": 0.13793103448275862,
            "support": 39.0
        },
        "fear": {
            "precision": 0.061224489795918366,
            "recall": 0.46153846153846156,
            "f1_score": 0.10810810810810811,
            "accuracy": 0.061224489795918366,
            "support": 13.0
        },
        "happiness": {
            "precision": 0.45253863134657835,
            "recall": 0.46275395033860045,
            "f1_score": 0.4575892857142857,
            "accuracy": 0.45253863134657835,
            "support": 886.0
        },
        "sadness": {
            "precision": 0.2013888888888889,
            "recall": 0.34523809523809523,
            "f1_score": 0.2543859649122807,
            "accuracy": 0.2013888888888889,
            "support": 84.0
        },
        "surprise": {
            "precision": 0.08426966292134831,
            "recall": 0.17045454545454544,
            "f1_score": 0.11278195488721802,
            "accuracy": 0.08426966292134831,
            "support": 88.0
        }
    }
}