{
    "overall": {
        "accuracy": 0.4785737651292116,
        "precision_macro": 0.2536972449247814,
        "recall_macro": 0.31710004248579526,
        "f1_macro": 0.268527317111031,
        "precision_weighted": 0.5288792607316647,
        "recall_weighted": 0.4785737651292116,
        "f1_weighted": 0.4996122058017944
    },
    "by_class": {
        "no emotion": {
            "precision": 0.6431347150259067,
            "recall": 0.5393807713199348,
            "f1_score": 0.5867060561299853,
            "accuracy": 0.6431347150259067,
            "support": 1841.0
        },
        "anger": {
            "precision": 0.2549019607843137,
            "recall": 0.36792452830188677,
            "f1_score": 0.3011583011583011,
            "accuracy": 0.2549019607843137,
            "support": 106.0
        },
        "disgust": {
            "precision": 0.15384615384615385,
            "recall": 0.20512820512820512,
            "f1_score": 0.17582417582417584,
            "accuracy": 0.15384615384615385,
            "support": 39.0
        },
        "fear": {
            "precision": 0.030303030303030304,
            "recall": 0.23076923076923078,
            "f1_score": 0.05357142857142857,
            "accuracy": 0.030303030303030304,
            "support": 13.0
        },
        "happiness": {
            "precision": 0.42491657397107896,
            "recall": 0.43115124153498874,
            "f1_score": 0.4280112044817927,
            "accuracy": 0.42491657397107896,
            "support": 886.0
        },
        "sadness": {
            "precision": 0.19230769230769232,
            "recall": 0.2976190476190476,
            "f1_score": 0.2336448598130841,
            "accuracy": 0.19230769230769232,
            "support": 84.0
        },
        "surprise": {
            "precision": 0.07647058823529412,
            "recall": 0.14772727272727273,
            "f1_score": 0.10077519379844962,
            "accuracy": 0.07647058823529412,
            "support": 88.0
        }
    }
}