{
    "overall": {
        "accuracy": 0.6226053639846744,
        "precision_macro": 0.5107113743897138,
        "recall_macro": 0.5626281166988065,
        "f1_macro": 0.510124272901113,
        "precision_weighted": 0.00734702979711,
        "recall_weighted": 0.6226053639846744,
        "f1_weighted": 0.6280418168079863
    },
    "by_class": {
        "anger": {
            "precision": 0.686046511627907,
            "recall": 0.34202898550724636,
            "f1_score": 0.4564796905222437,
            "accuracy": 0.686046511627907,
            "support": 345.0
        },
        "disgust": {
            "precision": 0.31451612903225806,
            "recall": 0.5735294117647058,
            "f1_score": 0.40625,
            "accuracy": 0.31451612903225806,
            "support": 68.0
        },
        "fear": {
            "precision": 0.22131147540983606,
            "recall": 0.54,
            "f1_score": 0.313953488372093,
            "accuracy": 0.22131147540983606,
            "support": 50.0
        },
        "joy": {
            "precision": 0.5524193548387096,
            "recall": 0.681592039800995,
            "f1_score": 0.6102449888641425,
            "accuracy": 0.5524193548387096,
            "support": 402.0
        },
        "neutral": {
            "precision": 0.7831431079894644,
            "recall": 0.7101910828025477,
            "f1_score": 0.7448851774530272,
            "accuracy": 0.7831431079894644,
            "support": 1256.0
        },
        "sadness": {
            "precision": 0.5202312138728323,
            "recall": 0.4326923076923077,
            "f1_score": 0.47244094488188976,
            "accuracy": 0.5202312138728323,
            "support": 208.0
        },
        "surprise": {
            "precision": 0.49731182795698925,
            "recall": 0.6583629893238434,
            "f1_score": 0.5666156202143952,
            "accuracy": 0.49731182795698925,
            "support": 281.0
        }
    }
}