{
    "overall": {
        "accuracy": 0.6068965517241379,
        "precision_macro": 0.506056696082314,
        "recall_macro": 0.5572900482759243,
        "f1_macro": 0.5090913708025564,
        "precision_weighted": 0.6623331866894256,
        "recall_weighted": 0.6068965517241379,
        "f1_weighted": 0.6169677538568048
    },
    "by_class": {
        "anger": {
            "precision": 0.7193877551020408,
            "recall": 0.40869565217391307,
            "f1_score": 0.5212569316081331,
            "accuracy": 0.7193877551020408,
            "support": 345.0
        },
        "disgust": {
            "precision": 0.3130434782608696,
            "recall": 0.5294117647058824,
            "f1_score": 0.39344262295081966,
            "accuracy": 0.3130434782608696,
            "support": 68.0
        },
        "fear": {
            "precision": 0.24096385542168675,
            "recall": 0.4,
            "f1_score": 0.3007518796992481,
            "accuracy": 0.24096385542168675,
            "support": 50.0
        },
        "joy": {
            "precision": 0.5711297071129707,
            "recall": 0.6791044776119403,
            "f1_score": 0.6204545454545455,
            "accuracy": 0.5711297071129707,
            "support": 402.0
        },
        "neutral": {
            "precision": 0.7954091816367266,
            "recall": 0.6345541401273885,
            "f1_score": 0.7059344552701504,
            "accuracy": 0.7954091816367266,
            "support": 1256.0
        },
        "sadness": {
            "precision": 0.4801980198019802,
            "recall": 0.46634615384615385,
            "f1_score": 0.47317073170731705,
            "accuracy": 0.4801980198019802,
            "support": 208.0
        },
        "surprise": {
            "precision": 0.42226487523992323,
            "recall": 0.7829181494661922,
            "f1_score": 0.5486284289276808,
            "accuracy": 0.42226487523992323,
            "support": 281.0
        }
    }
}