{
    "overall": {
        "accuracy": 0.41490963855421686,
        "precision_macro": 0.3717647105964616,
        "recall_macro": 0.3560154192047721,
        "f1_macro": 0.3383561125356681,
        "precision_weighted": 0.3995602452622538,
        "recall_weighted": 0.41490963855421686,
        "f1_weighted": 0.3805705513292025
    },
    "by_class": {
        "mad": {
            "precision": 0.3403141361256545,
            "recall": 0.5752212389380531,
            "f1_score": 0.4276315789473684,
            "accuracy": 0.3403141361256545,
            "support": 113.0
        },
        "neutral": {
            "precision": 0.41243862520458263,
            "recall": 0.7220630372492837,
            "f1_score": 0.525,
            "accuracy": 0.41243862520458263,
            "support": 349.0
        },
        "joyful": {
            "precision": 0.5852534562211982,
            "recall": 0.450354609929078,
            "f1_score": 0.5090180360721442,
            "accuracy": 0.5852534562211982,
            "support": 282.0
        },
        "scared": {
            "precision": 0.4148148148148148,
            "recall": 0.3076923076923077,
            "f1_score": 0.35331230283911674,
            "accuracy": 0.4148148148148148,
            "support": 182.0
        },
        "sad": {
            "precision": 0.39705882352941174,
            "recall": 0.2755102040816326,
            "f1_score": 0.3253012048192771,
            "accuracy": 0.39705882352941174,
            "support": 98.0
        },
        "powerful": {
            "precision": 0.22666666666666666,
            "recall": 0.11724137931034483,
            "f1_score": 0.15454545454545454,
            "accuracy": 0.22666666666666666,
            "support": 145.0
        },
        "peaceful": {
            "precision": 0.22580645161290322,
            "recall": 0.0440251572327044,
            "f1_score": 0.07368421052631577,
            "accuracy": 0.22580645161290322,
            "support": 159.0
        }
    }
}