{
    "overall": {
        "accuracy": 0.43373493975903615,
        "precision_macro": 0.38688123339621583,
        "recall_macro": 0.37737403419835697,
        "f1_macro": 0.35971468415746094,
        "precision_weighted": 0.41862719604067516,
        "recall_weighted": 0.43373493975903615,
        "f1_weighted": 0.4027184879385707
    },
    "by_class": {
        "mad": {
            "precision": 0.34615384615384615,
            "recall": 0.5575221238938053,
            "f1_score": 0.42711864406779665,
            "accuracy": 0.34615384615384615,
            "support": 113.0
        },
        "neutral": {
            "precision": 0.42857142857142855,
            "recall": 0.7134670487106017,
            "f1_score": 0.535483870967742,
            "accuracy": 0.42857142857142855,
            "support": 349.0
        },
        "joyful": {
            "precision": 0.6088888888888889,
            "recall": 0.4858156028368794,
            "f1_score": 0.5404339250493098,
            "accuracy": 0.6088888888888889,
            "support": 282.0
        },
        "scared": {
            "precision": 0.4657534246575342,
            "recall": 0.37362637362637363,
            "f1_score": 0.4146341463414634,
            "accuracy": 0.4657534246575342,
            "support": 182.0
        },
        "sad": {
            "precision": 0.3626373626373626,
            "recall": 0.336734693877551,
            "f1_score": 0.3492063492063492,
            "accuracy": 0.3626373626373626,
            "support": 98.0
        },
        "powerful": {
            "precision": 0.2608695652173913,
            "recall": 0.12413793103448276,
            "f1_score": 0.16822429906542058,
            "accuracy": 0.2608695652173913,
            "support": 145.0
        },
        "peaceful": {
            "precision": 0.23529411764705882,
            "recall": 0.050314465408805034,
            "f1_score": 0.08290155440414508,
            "accuracy": 0.23529411764705882,
            "support": 159.0
        }
    }
}