{
    "overall": {
        "accuracy": 0.35950278050376183,
        "precision_macro": 0.25533379575478937,
        "recall_macro": 0.43943885800505555,
        "f1_macro": 0.2573307147411988,
        "precision_weighted": 0.5462216239171609,
        "recall_weighted": 0.35950278050376183,
        "f1_weighted": 0.3230194497339652
    },
    "by_class": {
        "no emotion": {
            "precision": 0.6915422885572139,
            "recall": 0.1510048886474742,
            "f1_score": 0.2478823004904146,
            "accuracy": 0.6915422885572139,
            "support": 1841.0
        },
        "surprise": {
            "precision": 0.08205128205128205,
            "recall": 0.18181818181818182,
            "f1_score": 0.11307420494699646,
            "accuracy": 0.08205128205128205,
            "support": 88.0
        },
        "sadness": {
            "precision": 0.16666666666666666,
            "recall": 0.5238095238095238,
            "f1_score": 0.2528735632183908,
            "accuracy": 0.16666666666666666,
            "support": 84.0
        },
        "fear": {
            "precision": 0.14285714285714285,
            "recall": 0.6153846153846154,
            "f1_score": 0.23188405797101452,
            "accuracy": 0.14285714285714285,
            "support": 13.0
        },
        "happiness": {
            "precision": 0.3908984830805134,
            "recall": 0.7562076749435666,
            "f1_score": 0.5153846153846153,
            "accuracy": 0.3908984830805134,
            "support": 886.0
        },
        "disgust": {
            "precision": 0.08888888888888889,
            "recall": 0.10256410256410256,
            "f1_score": 0.09523809523809523,
            "accuracy": 0.08888888888888889,
            "support": 39.0
        },
        "anger": {
            "precision": 0.22443181818181818,
            "recall": 0.7452830188679245,
            "f1_score": 0.34497816593886466,
            "accuracy": 0.22443181818181818,
            "support": 106.0
        }
    }
}