{
    "overall": {
        "accuracy": 0.38272816486751715,
        "precision_macro": 0.2535732600196263,
        "recall_macro": 0.42937311404694245,
        "f1_macro": 0.26311914637858763,
        "precision_weighted": 0.5448663628321178,
        "recall_weighted": 0.38272816486751715,
        "f1_weighted": 0.37914200304649753
    },
    "by_class": {
        "no emotion": {
            "precision": 0.6882911392405063,
            "recall": 0.2362846279196089,
            "f1_score": 0.35179943388596846,
            "accuracy": 0.6882911392405063,
            "support": 1841.0
        },
        "surprise": {
            "precision": 0.0748663101604278,
            "recall": 0.1590909090909091,
            "f1_score": 0.10181818181818181,
            "accuracy": 0.0748663101604278,
            "support": 88.0
        },
        "sadness": {
            "precision": 0.14227642276422764,
            "recall": 0.4166666666666667,
            "f1_score": 0.21212121212121213,
            "accuracy": 0.14227642276422764,
            "support": 84.0
        },
        "fear": {
            "precision": 0.1323529411764706,
            "recall": 0.6923076923076923,
            "f1_score": 0.2222222222222222,
            "accuracy": 0.1323529411764706,
            "support": 13.0
        },
        "happiness": {
            "precision": 0.3957643944407677,
            "recall": 0.6749435665914221,
            "f1_score": 0.4989570296203587,
            "accuracy": 0.3957643944407677,
            "support": 886.0
        },
        "disgust": {
            "precision": 0.1282051282051282,
            "recall": 0.1282051282051282,
            "f1_score": 0.1282051282051282,
            "accuracy": 0.1282051282051282,
            "support": 39.0
        },
        "anger": {
            "precision": 0.2132564841498559,
            "recall": 0.6981132075471698,
            "f1_score": 0.3267108167770419,
            "accuracy": 0.2132564841498559,
            "support": 106.0
        }
    }
}