{
    "overall": {
        "accuracy": 0.4134772652927707,
        "precision_macro": 0.2240248943759766,
        "recall_macro": 0.2944431852687474,
        "f1_macro": 0.2300861706347471,
        "precision_weighted": 0.5230034445351511,
        "recall_weighted": 0.4134772652927707,
        "f1_weighted": 0.4381220364762562
    },
    "by_class": {
        "no emotion": {
            "precision": 0.6565464895635673,
            "recall": 0.37588267246061924,
            "f1_score": 0.4780656303972366,
            "accuracy": 0.6565464895635673,
            "support": 1841.0
        },
        "surprise": {
            "precision": 0.06282722513089005,
            "recall": 0.13636363636363635,
            "f1_score": 0.08602150537634407,
            "accuracy": 0.06282722513089005,
            "support": 88.0
        },
        "sadness": {
            "precision": 0.12669683257918551,
            "recall": 0.3333333333333333,
            "f1_score": 0.18360655737704917,
            "accuracy": 0.12669683257918551,
            "support": 84.0
        },
        "fear": {
            "precision": 0.03636363636363636,
            "recall": 0.15384615384615385,
            "f1_score": 0.0588235294117647,
            "accuracy": 0.03636363636363636,
            "support": 13.0
        },
        "happiness": {
            "precision": 0.39670781893004115,
            "recall": 0.5440180586907449,
            "f1_score": 0.45882912898619704,
            "accuracy": 0.39670781893004115,
            "support": 886.0
        },
        "disgust": {
            "precision": 0.12903225806451613,
            "recall": 0.10256410256410256,
            "f1_score": 0.1142857142857143,
            "accuracy": 0.12903225806451613,
            "support": 39.0
        },
        "anger": {
            "precision": 0.16,
            "recall": 0.41509433962264153,
            "f1_score": 0.23097112860892388,
            "accuracy": 0.16,
            "support": 106.0
        }
    }
}