{
    "overall": {
        "accuracy": 0.5188092901537456,
        "precision_macro": 0.32276791378737685,
        "recall_macro": 0.27894510637303216,
        "f1_macro": 0.20803737120151358,
        "precision_weighted": 0.6734919426872553,
        "recall_weighted": 0.5188092901537456,
        "f1_weighted": 0.44004836053397445
    },
    "by_class": {
        "no emotion": {
            "precision": 0.6086781840096425,
            "recall": 0.8229223248234655,
            "f1_score": 0.6997690531177828,
            "accuracy": 0.6086781840096425,
            "support": 1841.0
        },
        "surprise": {
            "precision": 0.07258064516129033,
            "recall": 0.10227272727272728,
            "f1_score": 0.0849056603773585,
            "accuracy": 0.07258064516129033,
            "support": 88.0
        },
        "sadness": {
            "precision": 0.14204545454545456,
            "recall": 0.2976190476190476,
            "f1_score": 0.19230769230769232,
            "accuracy": 0.14204545454545456,
            "support": 84.0
        },
        "fear": {
            "precision": 0.028846153846153848,
            "recall": 0.23076923076923078,
            "f1_score": 0.05128205128205129,
            "accuracy": 0.028846153846153848,
            "support": 13.0
        },
        "happiness": {
            "precision": 1.0,
            "recall": 0.0,
            "f1_score": 0.0,
            "accuracy": 0,
            "support": 886.0
        },
        "disgust": {
            "precision": 0.14285714285714285,
            "recall": 0.28205128205128205,
            "f1_score": 0.1896551724137931,
            "accuracy": 0.14285714285714285,
            "support": 39.0
        },
        "anger": {
            "precision": 0.26436781609195403,
            "recall": 0.2169811320754717,
            "f1_score": 0.2383419689119171,
            "accuracy": 0.26436781609195403,
            "support": 106.0
        }
    }
}