{
    "overall": {
        "accuracy": 0.4955839057899902,
        "precision_macro": 0.3441234091933617,
        "recall_macro": 0.40469809844021976,
        "f1_macro": 0.24615971218556362,
        "precision_weighted": 0.6749726839142755,
        "recall_weighted": 0.4955839057899902,
        "f1_weighted": 0.43124494779716743
    },
    "by_class": {
        "no emotion": {
            "precision": 0.6049222797927462,
            "recall": 0.7609994568169474,
            "f1_score": 0.67404378157325,
            "accuracy": 0.6049222797927462,
            "support": 1841.0
        },
        "surprise": {
            "precision": 0.0748663101604278,
            "recall": 0.1590909090909091,
            "f1_score": 0.10181818181818181,
            "accuracy": 0.0748663101604278,
            "support": 88.0
        },
        "sadness": {
            "precision": 0.18324607329842932,
            "recall": 0.4166666666666667,
            "f1_score": 0.2545454545454546,
            "accuracy": 0.18324607329842932,
            "support": 84.0
        },
        "fear": {
            "precision": 0.072,
            "recall": 0.6923076923076923,
            "f1_score": 0.13043478260869565,
            "accuracy": 0.072,
            "support": 13.0
        },
        "happiness": {
            "precision": 1.0,
            "recall": 0.0,
            "f1_score": 0.0,
            "accuracy": 0,
            "support": 886.0
        },
        "disgust": {
            "precision": 0.14049586776859505,
            "recall": 0.4358974358974359,
            "f1_score": 0.21250000000000002,
            "accuracy": 0.14049586776859505,
            "support": 39.0
        },
        "anger": {
            "precision": 0.3333333333333333,
            "recall": 0.36792452830188677,
            "f1_score": 0.34977578475336324,
            "accuracy": 0.3333333333333333,
            "support": 106.0
        }
    }
}