{
    "overall": {
        "accuracy": 0.20481927710843373,
        "precision_macro": 0.1622392210834163,
        "recall_macro": 0.16268259006742988,
        "f1_macro": 0.13354493139703233,
        "precision_weighted": 0.19772377703648597,
        "recall_weighted": 0.20481927710843373,
        "f1_weighted": 0.17713184029408915
    },
    "by_class": {
        "neutral": {
            "precision": 0.2936170212765957,
            "recall": 0.3954154727793696,
            "f1_score": 0.336996336996337,
            "accuracy": 0.2936170212765957,
            "support": 349.0
        },
        "joyful": {
            "precision": 0.26198083067092653,
            "recall": 0.2907801418439716,
            "f1_score": 0.27563025210084036,
            "accuracy": 0.26198083067092653,
            "support": 282.0
        },
        "sad": {
            "precision": 0.06417112299465241,
            "recall": 0.12244897959183673,
            "f1_score": 0.08421052631578949,
            "accuracy": 0.06417112299465241,
            "support": 98.0
        },
        "mad": {
            "precision": 0.10631229235880399,
            "recall": 0.2831858407079646,
            "f1_score": 0.15458937198067632,
            "accuracy": 0.10631229235880399,
            "support": 113.0
        },
        "scared": {
            "precision": 0.1724137931034483,
            "recall": 0.027472527472527472,
            "f1_score": 0.04739336492890995,
            "accuracy": 0.1724137931034483,
            "support": 182.0
        },
        "powerful": {
            "precision": 0.08333333333333333,
            "recall": 0.006896551724137931,
            "f1_score": 0.012738853503184714,
            "accuracy": 0.08333333333333333,
            "support": 145.0
        },
        "peaceful": {
            "precision": 0.15384615384615385,
            "recall": 0.012578616352201259,
            "f1_score": 0.023255813953488372,
            "accuracy": 0.15384615384615385,
            "support": 159.0
        }
    }
}