{
    "overall": {
        "accuracy": 0.34521072796934865,
        "precision_macro": 0.21770037998382027,
        "recall_macro": 0.2218857817509427,
        "f1_macro": 0.2111930000871914,
        "precision_weighted": 0.3730163149724833,
        "recall_weighted": 0.34521072796934865,
        "f1_weighted": 0.3527918381968287
    },
    "by_class": {
        "surprise": {
            "precision": 0.18085106382978725,
            "recall": 0.18149466192170818,
            "f1_score": 0.18117229129662524,
            "accuracy": 0.18085106382978725,
            "support": 281.0
        },
        "anger": {
            "precision": 0.26063829787234044,
            "recall": 0.14202898550724638,
            "f1_score": 0.18386491557223267,
            "accuracy": 0.26063829787234044,
            "support": 345.0
        },
        "neutral": {
            "precision": 0.5507246376811594,
            "recall": 0.4840764331210191,
            "f1_score": 0.5152542372881356,
            "accuracy": 0.5507246376811594,
            "support": 1256.0
        },
        "joy": {
            "precision": 0.23885350318471338,
            "recall": 0.373134328358209,
            "f1_score": 0.2912621359223301,
            "accuracy": 0.23885350318471338,
            "support": 402.0
        },
        "sadness": {
            "precision": 0.1875,
            "recall": 0.14423076923076922,
            "f1_score": 0.16304347826086957,
            "accuracy": 0.1875,
            "support": 208.0
        },
        "fear": {
            "precision": 0.058823529411764705,
            "recall": 0.14,
            "f1_score": 0.08284023668639053,
            "accuracy": 0.058823529411764705,
            "support": 50.0
        },
        "disgust": {
            "precision": 0.046511627906976744,
            "recall": 0.08823529411764706,
            "f1_score": 0.06091370558375635,
            "accuracy": 0.046511627906976744,
            "support": 68.0
        }
    }
}