{
    "overall": {
        "accuracy": 0.32911877394636013,
        "precision_macro": 0.21781543006019646,
        "recall_macro": 0.21628504936736612,
        "f1_macro": 0.20895485990548268,
        "precision_weighted": 0.37789773467609267,
        "recall_weighted": 0.32911877394636013,
        "f1_weighted": 0.3451019897922052
    },
    "by_class": {
        "surprise": {
            "precision": 0.17061611374407584,
            "recall": 0.25622775800711745,
            "f1_score": 0.20483641536273114,
            "accuracy": 0.17061611374407584,
            "support": 281.0
        },
        "anger": {
            "precision": 0.28426395939086296,
            "recall": 0.16231884057971013,
            "f1_score": 0.2066420664206642,
            "accuracy": 0.28426395939086296,
            "support": 345.0
        },
        "neutral": {
            "precision": 0.5517241379310345,
            "recall": 0.43312101910828027,
            "f1_score": 0.48528099910793937,
            "accuracy": 0.5517241379310345,
            "support": 1256.0
        },
        "joy": {
            "precision": 0.2504378283712785,
            "recall": 0.35572139303482586,
            "f1_score": 0.29393627954779034,
            "accuracy": 0.2504378283712785,
            "support": 402.0
        },
        "sadness": {
            "precision": 0.20689655172413793,
            "recall": 0.17307692307692307,
            "f1_score": 0.18848167539267013,
            "accuracy": 0.20689655172413793,
            "support": 208.0
        },
        "fear": {
            "precision": 0.02830188679245283,
            "recall": 0.06,
            "f1_score": 0.038461538461538464,
            "accuracy": 0.02830188679245283,
            "support": 50.0
        },
        "disgust": {
            "precision": 0.032467532467532464,
            "recall": 0.07352941176470588,
            "f1_score": 0.04504504504504504,
            "accuracy": 0.032467532467532464,
            "support": 68.0
        }
    }
}