{
    "overall": {
        "accuracy": 0.24904214559386972,
        "precision_macro": 0.21370692564509122,
        "recall_macro": 0.22459434724051178,
        "f1_macro": 0.1983928175738397,
        "precision_weighted": 0.3788157883453396,
        "recall_weighted": 0.24904214559386972,
        "f1_weighted": 0.26448487053615194
    },
    "by_class": {
        "anger": {
            "precision": 0.2119089316987741,
            "recall": 0.3558823529411765,
            "f1_score": 0.265642151481888,
            "accuracy": 0.3558823529411765,
            "support": 345.0
        },
        "disgust": {
            "precision": 0.07228915662650602,
            "recall": 0.09230769230769231,
            "f1_score": 0.08108108108108109,
            "accuracy": 0.09230769230769231,
            "support": 68.0
        },
        "fear": {
            "precision": 0.041666666666666664,
            "recall": 0.0625,
            "f1_score": 0.05,
            "accuracy": 0.0625,
            "support": 50.0
        },
        "joy": {
            "precision": 0.27439024390243905,
            "recall": 0.3435114503816794,
            "f1_score": 0.3050847457627119,
            "accuracy": 0.3435114503816794,
            "support": 402.0
        },
        "neutral": {
            "precision": 0.575,
            "recall": 0.2056910569105691,
            "f1_score": 0.30299401197604786,
            "accuracy": 0.2056910569105691,
            "support": 1256.0
        },
        "sadness": {
            "precision": 0.19202898550724637,
            "recall": 0.26903553299492383,
            "f1_score": 0.22410147991543336,
            "accuracy": 0.26903553299492383,
            "support": 208.0
        },
        "surprise": {
            "precision": 0.12866449511400652,
            "recall": 0.2872727272727273,
            "f1_score": 0.17772778402699663,
            "accuracy": 0.2872727272727273,
            "support": 281.0
        }
    }
}