{
    "overall": {
        "accuracy": 0.342911877394636,
        "precision_macro": 0.2420746957393726,
        "recall_macro": 0.24661132819286086,
        "f1_macro": 0.23382213923493742,
        "precision_weighted": 0.394784530510726,
        "recall_weighted": 0.342911877394636,
        "f1_weighted": 0.35791630107061806
    },
    "by_class": {
        "surprise": {
            "precision": 0.1848341232227488,
            "recall": 0.2775800711743772,
            "f1_score": 0.22190611664295873,
            "accuracy": 0.1848341232227488,
            "support": 281.0
        },
        "anger": {
            "precision": 0.32367149758454106,
            "recall": 0.19420289855072465,
            "f1_score": 0.24275362318840585,
            "accuracy": 0.32367149758454106,
            "support": 345.0
        },
        "neutral": {
            "precision": 0.5610526315789474,
            "recall": 0.42436305732484075,
            "f1_score": 0.48322756119673616,
            "accuracy": 0.5610526315789474,
            "support": 1256.0
        },
        "joy": {
            "precision": 0.25873015873015875,
            "recall": 0.4054726368159204,
            "f1_score": 0.31589147286821706,
            "accuracy": 0.25873015873015875,
            "support": 402.0
        },
        "sadness": {
            "precision": 0.24539877300613497,
            "recall": 0.19230769230769232,
            "f1_score": 0.215633423180593,
            "accuracy": 0.24539877300613497,
            "support": 208.0
        },
        "fear": {
            "precision": 0.06493506493506493,
            "recall": 0.1,
            "f1_score": 0.07874015748031496,
            "accuracy": 0.06493506493506493,
            "support": 50.0
        },
        "disgust": {
            "precision": 0.055900621118012424,
            "recall": 0.1323529411764706,
            "f1_score": 0.07860262008733625,
            "accuracy": 0.055900621118012424,
            "support": 68.0
        }
    }
}