{
    "overall": {
        "accuracy": 0.25555555555555554,
        "precision_macro": 0.22370205521019224,
        "recall_macro": 0.23719117360804004,
        "f1_macro": 0.2053868864547225,
        "precision_weighted": 0.3944412063462745,
        "recall_weighted": 0.25555555555555554,
        "f1_weighted": 0.26305754931978526
    },
    "by_class": {
        "anger": {
            "precision": 0.22466216216216217,
            "recall": 0.3855072463768116,
            "f1_score": 0.2838847385272145,
            "support": 345.0
        },
        "disgust": {
            "precision": 0.08450704225352113,
            "recall": 0.08823529411764706,
            "f1_score": 0.08633093525179857,
            "support": 68.0
        },
        "fear": {
            "precision": 0.05660377358490566,
            "recall": 0.06,
            "f1_score": 0.05825242718446602,
            "support": 50.0
        },
        "joy": {
            "precision": 0.2559241706161137,
            "recall": 0.40298507462686567,
            "f1_score": 0.31304347826086953,
            "support": 402.0
        },
        "neutral": {
            "precision": 0.6047120418848168,
            "recall": 0.1839171974522293,
            "f1_score": 0.28205128205128205,
            "support": 1256.0
        },
        "sadness": {
            "precision": 0.19718309859154928,
            "recall": 0.2692307692307692,
            "f1_score": 0.2276422764227642,
            "support": 208.0
        },
        "surprise": {
            "precision": 0.14232209737827714,
            "recall": 0.2704626334519573,
            "f1_score": 0.18650306748466255,
            "support": 281.0
        }
    }
}