{
    "overall": {
        "accuracy": 0.3598298985933922,
        "precision_macro": 0.24858036801829328,
        "recall_macro": 0.429759125523455,
        "f1_macro": 0.2470325045454331,
        "precision_weighted": 0.5555867701939643,
        "recall_weighted": 0.3598298985933922,
        "f1_weighted": 0.32801020045153584
    },
    "by_class": {
        "no emotion": {
            "precision": 0.7087378640776699,
            "recall": 0.15860945138511678,
            "f1_score": 0.25920994229915667,
            "accuracy": 0.7087378640776699,
            "support": 1841.0
        },
        "surprise": {
            "precision": 0.07103825136612021,
            "recall": 0.14772727272727273,
            "f1_score": 0.09594095940959409,
            "accuracy": 0.07103825136612021,
            "support": 88.0
        },
        "sadness": {
            "precision": 0.1484375,
            "recall": 0.4523809523809524,
            "f1_score": 0.2235294117647059,
            "accuracy": 0.1484375,
            "support": 84.0
        },
        "fear": {
            "precision": 0.140625,
            "recall": 0.6923076923076923,
            "f1_score": 0.23376623376623376,
            "accuracy": 0.140625,
            "support": 13.0
        },
        "happiness": {
            "precision": 0.39271017048794826,
            "recall": 0.7539503386004515,
            "f1_score": 0.5164282953227677,
            "accuracy": 0.39271017048794826,
            "support": 886.0
        },
        "disgust": {
            "precision": 0.06521739130434782,
            "recall": 0.07692307692307693,
            "f1_score": 0.07058823529411765,
            "accuracy": 0.06521739130434782,
            "support": 39.0
        },
        "anger": {
            "precision": 0.21329639889196675,
            "recall": 0.7264150943396226,
            "f1_score": 0.3297644539614561,
            "accuracy": 0.21329639889196675,
            "support": 106.0
        }
    }
}