{
    "overall": {
        "accuracy": 0.18373493975903615,
        "precision_macro": 0.14982296329614084,
        "recall_macro": 0.17463739460100847,
        "f1_macro": 0.27856022913394735,
        "precision_weighted": 0.18446358130926743,
        "recall_weighted": 0.18373493975903615,
        "f1_weighted": 0.27384093542110716
    },
    "by_class": {
        "neutral": {
            "precision": 0.2857142857142857,
            "recall": 0.22922636103151864,
            "f1_score": 0.2543720190779014,
            "accuracy": 0.2857142857142857,
            "support": 349.0
        },
        "joyful": {
            "precision": 0.2724458204334365,
            "recall": 0.3120567375886525,
            "f1_score": 0.2909090909090909,
            "accuracy": 0.2724458204334365,
            "support": 282.0
        },
        "sad": {
            "precision": 0.12437810945273632,
            "recall": 0.25510204081632654,
            "f1_score": 0.16722408026755853,
            "accuracy": 0.12437810945273632,
            "support": 98.0
        },
        "mad": {
            "precision": 0.10336538461538461,
            "recall": 0.3805309734513274,
            "f1_score": 0.16257088846880904,
            "accuracy": 0.10336538461538461,
            "support": 113.0
        },
        "scared": {
            "precision": 0.12,
            "recall": 0.03296703296703297,
            "f1_score": 0.05172413793103449,
            "accuracy": 0.12,
            "support": 182.0
        },
        "powerful": {
            "precision": 0.0,
            "recall": 0.0,
            "f1_score": 1.0,
            "accuracy": 0.0,
            "support": 145.0
        },
        "peaceful": {
            "precision": 0.14285714285714285,
            "recall": 0.012578616352201259,
            "f1_score": 0.023121387283236997,
            "accuracy": 0.14285714285714285,
            "support": 159.0
        }
    }
}