{
    "overall": {
        "accuracy": 0.25019157088122607,
        "precision_macro": 0.2235280674270217,
        "recall_macro": 0.23940729598280067,
        "f1_macro": 0.20694860606744303,
        "precision_weighted": 0.3852098632841184,
        "recall_weighted": 0.25019157088122607,
        "f1_weighted": 0.257591851532147
    },
    "by_class": {
        "anger": {
            "precision": 0.23228995057660626,
            "recall": 0.42857142857142855,
            "f1_score": 0.30128205128205127,
            "accuracy": 0.42857142857142855,
            "support": 345.0
        },
        "disgust": {
            "precision": 0.10843373493975904,
            "recall": 0.1323529411764706,
            "f1_score": 0.11920529801324503,
            "accuracy": 0.1323529411764706,
            "support": 68.0
        },
        "fear": {
            "precision": 0.05,
            "recall": 0.06,
            "f1_score": 0.05454545454545455,
            "accuracy": 0.06,
            "support": 50.0
        },
        "joy": {
            "precision": 0.263986013986014,
            "recall": 0.3852040816326531,
            "f1_score": 0.3132780082987552,
            "accuracy": 0.3852040816326531,
            "support": 402.0
        },
        "neutral": {
            "precision": 0.582010582010582,
            "recall": 0.18077239112571897,
            "f1_score": 0.2758620689655172,
            "accuracy": 0.18077239112571897,
            "support": 1256.0
        },
        "sadness": {
            "precision": 0.19047619047619047,
            "recall": 0.25870646766169153,
            "f1_score": 0.21940928270042193,
            "accuracy": 0.25870646766169153,
            "support": 208.0
        },
        "surprise": {
            "precision": 0.1375,
            "recall": 0.27898550724637683,
            "f1_score": 0.1842105263157895,
            "accuracy": 0.27898550724637683,
            "support": 281.0
        }
    }
}