{
    "overall": {
        "accuracy": 0.28812260536398465,
        "precision_macro": 0.2021904976914611,
        "recall_macro": 0.21267638714853265,
        "f1_macro": 0.20008859134346482,
        "precision_weighted": 0.35988689068371166,
        "recall_weighted": 0.28812260536398465,
        "f1_weighted": 0.30823100904628664
    },
    "by_class": {
        "anger": {
            "precision": 0.2229580573951435,
            "recall": 0.2944606413994169,
            "f1_score": 0.2537688442211055,
            "accuracy": 0.2944606413994169,
            "support": 345.0
        },
        "disgust": {
            "precision": 0.04285714285714286,
            "recall": 0.045454545454545456,
            "f1_score": 0.044117647058823525,
            "accuracy": 0.045454545454545456,
            "support": 68.0
        },
        "fear": {
            "precision": 0.0625,
            "recall": 0.08163265306122448,
            "f1_score": 0.07079646017699115,
            "accuracy": 0.08163265306122448,
            "support": 50.0
        },
        "joy": {
            "precision": 0.234251968503937,
            "recall": 0.2975,
            "f1_score": 0.2621145374449339,
            "accuracy": 0.2975,
            "support": 402.0
        },
        "neutral": {
            "precision": 0.5476190476190477,
            "recall": 0.3333333333333333,
            "f1_score": 0.41441441441441446,
            "accuracy": 0.3333333333333333,
            "support": 1256.0
        },
        "sadness": {
            "precision": 0.155893536121673,
            "recall": 0.19902912621359223,
            "f1_score": 0.17484008528784648,
            "accuracy": 0.19902912621359223,
            "support": 208.0
        },
        "surprise": {
            "precision": 0.14925373134328357,
            "recall": 0.2527075812274368,
            "f1_score": 0.1876675603217158,
            "accuracy": 0.2527075812274368,
            "support": 281.0
        }
    }
}